Sample_ID	Tree_genotype	Tree_provenance_pop	Tree_provenance_fam	Sampling_timepoint	Raw_reads	Filtered	Denoised	Merged	Non_chimeric	Non_mito_chlor	Non_syn_comm	No_unassigned	Final_reads_per_sample
AC1-7050-T1-ITS	7050	AC	AC1	T1	0	NA	NA	NA	NA	NA	NA	NA	NA
AC1-7230-T1-ITS	7230	AC	AC1	T1	351990	320006	319587	312932	310819	259411	259411	259404	259404
AC1-7329-T1-ITS	7329	AC	AC1	T1	282705	253593	253226	246206	244947	208315	208315	208315	208315
AC2-7049-T1-ITS	7049	AC	AC2	T1	240183	166189	166009	164559	163553	149499	149499	149499	149499
AC2-7291-T1-ITS	7291	AC	AC2	T1	333480	312297	311850	306419	304329	285483	285483	285480	285480
AC2-7464-T1-ITS	7464	AC	AC2	T1	263018	242519	242170	237154	236015	208699	208699	208685	208685
AC2-7474-T1-ITS	7474	AC	AC2	T1	192866	180724	180390	175603	174601	161889	161889	161889	161889
AC7-7032-T1-ITS	7032	AC	AC7	T1	204864	192509	192143	189410	186612	164396	164396	164381	164381
AC7-7439-T1-ITS	7439	AC	AC7	T1	195363	181861	181526	179719	178802	155454	155454	155447	155447
AC7-7592-T1-ITS	7592	AC	AC7	T1	479030	443892	443591	435471	431991	361099	361099	361099	361099
AC7-7611-T1-ITS	7611	AC	AC7	T1	647037	589285	588946	579466	573904	480641	480641	480609	480609
AC8-7174-T1-ITS	7174	AC	AC8	T1	113049	105310	104972	102993	102036	89090	89090	89080	89080
AC8-7184-T1-ITS	7184	AC	AC8	T1	147122	88116	87985	86858	86405	75369	75369	75369	75369
AC8-7453-T1-ITS	7453	AC	AC8	T1	182824	167126	166844	163658	162212	124228	124228	124221	124221
AC8-7541-T1-ITS	7541	AC	AC8	T1	322396	235686	235449	233857	232748	173061	173061	173061	173061
AC9-7099-T1-ITS	7099	AC	AC9	T1	326835	307093	306794	301611	299349	269666	269666	269666	269666
AC9-7142-T1-ITS	7142	AC	AC9	T1	227474	0	0	0	0	NA	NA	NA	NA
AC9-7346-T1-ITS	7346	AC	AC9	T1	226273	193140	192750	192442	191374	178240	178240	178211	178211
AC9-7660-T1-ITS	7660	AC	AC9	T1	257616	216165	215894	211622	210183	168717	168717	168717	168717
BB1-7232-T1-ITS	7232	BB	BB1	T1	339049	316342	315884	309844	307744	276055	276055	276023	276023
BB1-7238-T1-ITS	7238	BB	BB1	T1	617107	570755	570170	560942	555655	505521	505521	505486	505486
BB1-7504-T1-ITS	7504	BB	BB1	T1	190241	162349	162137	161805	160307	144936	144936	144936	144936
BB2-7039-T1-ITS	7039	BB	BB2	T1	803990	746379	745124	732744	725487	658346	658346	658322	658322
BB2-7055-T1-ITS	7055	BB	BB2	T1	198414	150296	150039	147751	146799	130462	130462	130459	130459
BB2-7542-T1-ITS	7542	BB	BB2	T1	220303	156839	156626	155671	155243	142128	142128	142128	142128
BB2-7590-T1-ITS	7590	BB	BB2	T1	195485	180782	180569	178495	177023	151561	151561	151561	151561
BB3-7126-T1-ITS	7126	BB	BB3	T1	174763	136902	136742	136586	136328	129861	129861	129861	129861
BB3-7657-T1-ITS	7657	BB	BB3	T1	172160	100414	100251	100047	99878	93771	93771	93771	93771
BB5-7171-T1-ITS	7171	BB	BB5	T1	313742	291016	290719	284340	282573	250409	250409	250409	250409
BB5-7326-T1-ITS	7326	BB	BB5	T1	267736	248339	247913	243938	242561	219615	219615	219613	219613
BB5-7412-T1-ITS	7412	BB	BB5	T1	231917	171639	171440	170103	168727	148594	148594	148594	148594
BB5-7600-T1-ITS	7600	BB	BB5	T1	243030	107856	107640	106888	106650	102166	102166	102164	102164
BB7-7181-T1-ITS	7181	BB	BB7	T1	350115	261432	261086	260416	259299	243804	243804	243791	243791
BB7-7224-T1-ITS	7224	BB	BB7	T1	234870	121484	121161	119579	118916	103872	103872	103872	103872
BB7-7227-T1-ITS	7227	BB	BB7	T1	359772	330954	330341	321290	318014	253208	253208	253198	253198
BB7-7268-T1-ITS	7268	BB	BB7	T1	455481	421943	421322	412845	407831	357802	357802	357733	357733
BE2-7069-T1-ITS	7069	BE	BE2	T1	510257	470953	470203	460554	457356	411782	411782	411769	411769
BE2-7141-T1-ITS	7141	BE	BE2	T1	719100	667941	667294	654574	645568	547405	547405	547405	547405
BE2-7500-T1-ITS	7500	BE	BE2	T1	241254	88894	88674	87755	87468	77986	77986	77972	77972
BE2-7510-T1-ITS	7510	BE	BE2	T1	328936	213036	212874	211037	210543	195150	195150	195150	195150
BE3-7156-T1-ITS	7156	BE	BE3	T1	167408	157163	156886	156428	155533	147211	147211	147192	147192
BE3-7237-T1-ITS	7237	BE	BE3	T1	431838	404020	403372	396599	393175	334073	334073	334073	334073
BE3-7245-T1-ITS	7245	BE	BE3	T1	163564	91569	91360	91121	90874	74711	74711	74711	74711
BE3-7514-T1-ITS	7514	BE	BE3	T1	296651	275111	274692	268759	267255	208313	208313	208313	208313
BE4-7003-T1-ITS	7003	BE	BE4	T1	185166	173768	173250	167932	167316	161321	161321	161321	161321
BE4-7267-T1-ITS	7267	BE	BE4	T1	537718	498464	497959	490734	485782	433869	433869	433869	433869
BE4-7607-T1-ITS	7607	BE	BE4	T1	173272	151862	151626	150250	149369	124626	124578	124538	124538
BE4-7663-T1-ITS	7663	BE	BE4	T1	216514	153475	153308	151212	150277	140951	140951	140947	140947
BE5-7132-T1-ITS	7132	BE	BE5	T1	132101	122496	122278	121898	120500	101700	101700	101700	101700
BE5-7146-T1-ITS	7146	BE	BE5	T1	226845	157043	156874	156031	155296	144657	144657	144645	144645
BE5-7334-T1-ITS	7334	BE	BE5	T1	247416	230240	229788	226661	225529	211075	211075	211069	211069
BE5-7509-T1-ITS	7509	BE	BE5	T1	204453	142158	141556	141269	140325	130104	130104	130104	130104
BE7-7019-T1-ITS	7019	BE	BE7	T1	302394	251162	250873	249757	247897	208665	208665	208665	208665
BE7-7378-T1-ITS	7378	BE	BE7	T1	229629	135587	135441	134990	134713	123447	123447	123435	123435
BE7-7455-T1-ITS	7455	BE	BE7	T1	266042	249171	248754	244417	242961	212571	212482	212482	212482
BE7-7585-T1-ITS	7585	BE	BE7	T1	649002	603741	603086	583383	577621	484724	484724	484700	484700
BW10-7357-T1-ITS	7357	BW	BW10	T1	249882	232102	231676	227240	225219	193425	193425	193425	193425
BW10-7396-T1-ITS	7396	BW	BW10	T1	352771	325510	325047	321160	319510	272767	272767	272761	272761
BW10-7534-T1-ITS	7534	BW	BW10	T1	167025	156535	156240	154182	152351	116054	116054	115996	115996
BW10-7633-T1-ITS	7633	BW	BW10	T1	150691	141068	140710	139800	139296	124049	124037	124003	124003
BW2-7025-T1-ITS	7025	BW	BW2	T1	140381	133256	132866	132341	131683	118191	118191	118186	118186
BW2-7261-T1-ITS	7261	BW	BW2	T1	266414	246149	245666	241893	240712	213473	213473	213473	213473
BW2-7362-T1-ITS	7362	BW	BW2	T1	53115	49408	49221	48291	48162	40126	40126	40126	40126
BW2-7628-T1-ITS	7628	BW	BW2	T1	231880	204824	204482	202573	202037	178293	178293	178293	178293
BW3-7101-T1-ITS	7101	BW	BW3	T1	156279	145034	144829	144545	143842	125042	125042	125026	125026
BW3-7429-T1-ITS	7429	BW	BW3	T1	218620	203255	202920	197786	195907	148912	148912	148912	148912
BW3-7594-T1-ITS	7594	BW	BW3	T1	331632	246508	246075	242449	240897	216452	216452	216430	216430
BW6-7035-T1-ITS	7035	BW	BW6	T1	164472	153576	153298	151741	150761	130416	130411	130411	130411
BW6-7173-T1-ITS	7173	BW	BW6	T1	241033	222693	222366	219523	218247	196620	196613	196606	196606
BW6-7284-T1-ITS	7284	BW	BW6	T1	344677	247742	247531	246978	246132	227276	227180	227144	227144
BW6-7567-T1-ITS	7567	BW	BW6	T1	183965	138253	138170	137214	136541	130466	130466	130466	130466
BW7-7366-T1-ITS	7366	BW	BW7	T1	90365	84415	84082	82712	82256	66300	66300	66300	66300
BW7-7506-T1-ITS	7506	BW	BW7	T1	63893	59639	59508	58719	58422	51451	51451	51451	51451
BW7-7581-T1-ITS	7581	BW	BW7	T1	263977	247522	246978	242746	241303	225246	225246	225246	225246
BW7-7593-T1-ITS	7593	BW	BW7	T1	254937	200844	200635	200049	199539	186413	186413	186410	186410
CG2-7072-T1-ITS	7072	CG	CG2	T1	260476	239840	239580	234811	232871	176281	176281	176281	176281
CG2-7148-T1-ITS	7148	CG	CG2	T1	277693	234435	234248	233164	232097	202178	202178	202170	202170
CG2-7160-T1-ITS	7160	CG	CG2	T1	158020	111127	110971	108460	107970	85175	85175	85161	85161
CG2-7208-T1-ITS	7208	CG	CG2	T1	290758	268788	268392	261503	259340	216361	216361	216354	216354
CG3-7376-T1-ITS	7376	CG	CG3	T1	143078	87062	86916	85889	85263	67068	67068	67065	67065
CG3-7382-T1-ITS	7382	CG	CG3	T1	93972	69363	69179	69028	68745	65048	65048	65048	65048
CG3-7651-T1-ITS	7651	CG	CG3	T1	394529	361263	360886	353662	351269	289198	289198	289165	289165
CG4-7097-T1-ITS	7097	CG	CG4	T1	337418	309676	309523	302468	298822	278254	278254	278254	278254
CG4-7218-T1-ITS	7218	CG	CG4	T1	223571	90859	90681	90372	90171	79293	79293	79293	79293
CG4-7406-T1-ITS	7406	CG	CG4	T1	265216	210610	210429	210012	209333	195372	195372	195364	195364
CG4-7425-T1-ITS	7425	CG	CG4	T1	303203	284533	283918	279914	277900	250200	250200	250192	250192
CG7-7197-T1-ITS	7197	CG	CG7	T1	172625	159950	159597	156453	154801	123445	123445	123422	123422
CG7-7434-T1-ITS	7434	CG	CG7	T1	140567	128844	128665	126999	126038	110522	109421	109421	109421
CG7-7574-T1-ITS	7574	CG	CG7	T1	101896	95469	95253	94904	94523	81940	81935	81925	81925
CG7-7655-T1-ITS	7655	CG	CG7	T1	169597	157169	156862	154479	153512	134475	134475	134475	134475
CG8-7084-T1-ITS	7084	CG	CG8	T1	196904	145521	145320	144763	144269	126146	126146	126121	126121
CG8-7522-T1-ITS	7522	CG	CG8	T1	276473	257240	256887	247797	246009	198049	198049	198049	198049
CG8-7544-T1-ITS	7544	CG	CG8	T1	203517	153347	152984	152342	151690	116504	116504	116450	116450
CR10-7348-T1-ITS	7348	CR	CR10	T1	352579	235394	235011	233758	232985	205338	205338	205331	205331
CR10-7431-T1-ITS	7431	CR	CR10	T1	484222	450945	450229	443625	440597	383604	383604	383504	383504
CR10-7497-T1-ITS	7497	CR	CR10	T1	312696	221163	220795	220163	219238	207197	207197	207185	207185
CR10-7549-T1-ITS	7549	CR	CR10	T1	341913	316375	315809	309743	307504	209204	209204	209204	209204
CR3-7338-T1-ITS	7338	CR	CR3	T1	231451	166581	166231	165616	165155	146241	146241	146230	146230
CR3-7445-T1-ITS	7445	CR	CR3	T1	397187	358705	358424	354890	352426	293364	293364	293310	293310
CR3-7619-T1-ITS	7619	CR	CR3	T1	349917	327196	326840	322451	321535	307992	307992	307954	307954
CR3-7642-T1-ITS	7642	CR	CR3	T1	358609	339131	338622	332796	330876	299369	299369	299369	299369
CR4-7135-T1-ITS	7135	CR	CR4	T1	172332	160569	160155	157262	156633	140403	140403	140401	140401
CR4-7143-T1-ITS	7143	CR	CR4	T1	125854	117327	117131	116732	116380	103010	102940	102940	102940
CR4-7211-T1-ITS	7211	CR	CR4	T1	250736	190023	189728	189133	188511	164724	164724	164721	164721
CR4-7671-T1-ITS	7671	CR	CR4	T1	301134	226193	226054	225392	225007	215247	215247	215247	215247
CR7-7154-T1-ITS	7154	CR	CR7	T1	227041	213865	213514	212970	211463	196518	196502	196497	196497
CR7-7183-T1-ITS	7183	CR	CR7	T1	194291	130743	130526	130296	129937	105993	105993	105987	105987
CR7-7648-T1-ITS	7648	CR	CR7	T1	491979	447335	446964	436422	433820	373088	373088	373088	373088
CR7-7652-T1-ITS	7652	CR	CR7	T1	287750	268376	267881	264503	263526	229581	229581	229581	229581
CR9-7298-T1-ITS	7298	CR	CR9	T1	314795	286857	286648	283085	281724	252471	252471	252384	252384
CR9-7320-T1-ITS	7320	CR	CR9	T1	180236	157987	157775	155362	154476	126201	126201	126179	126179
CR9-7389-T1-ITS	7389	CR	CR9	T1	166422	154887	154387	151455	150717	122788	122788	122788	122788
CR9-7469-T1-ITS	7469	CR	CR9	T1	328561	251750	251353	250072	249114	208857	208857	208838	208838
GC1-7085-T1-ITS	7085	GC	GC1	T1	283574	252565	252239	250394	249147	230745	230745	230745	230745
GC1-7128-T1-ITS	7128	GC	GC1	T1	186745	166212	166036	165716	165104	161102	161102	161102	161102
GC1-7294-T1-ITS	7294	GC	GC1	T1	133061	121527	121289	119099	118535	106003	106003	106003	106003
GC1-7368-T1-ITS	7368	GC	GC1	T1	556794	513724	513109	501093	496836	435347	435347	435333	435333
GC2-7078-T1-ITS	7078	GC	GC2	T1	353394	330022	329524	324201	321866	287439	287439	287401	287401
GC2-7136-T1-ITS	7136	GC	GC2	T1	315224	286700	286241	281583	277483	215015	214980	214973	214973
GC2-7276-T1-ITS	7276	GC	GC2	T1	221064	132651	132498	130380	129477	113429	113429	113429	113429
GC2-7507-T1-ITS	7507	GC	GC2	T1	232999	131810	131680	130757	129431	107296	107296	107296	107296
GC5-7089-T1-ITS	7089	GC	GC5	T1	224234	96075	95826	94662	93564	79686	79686	79686	79686
GC5-7178-T1-ITS	7178	GC	GC5	T1	273087	190465	190086	189495	188876	173620	173620	173596	173596
GC5-7457-T1-ITS	7457	GC	GC5	T1	708573	654562	653541	641657	636888	554013	554013	553604	553604
GC8-7367-T1-ITS	7367	GC	GC8	T1	107751	100463	100177	98516	98121	87987	87987	87987	87987
GC8-7377-T1-ITS	7377	GC	GC8	T1	294059	105453	105305	104878	104413	86329	86329	86329	86329
GC8-7501-T1-ITS	7501	GC	GC8	T1	409178	78672	78497	78177	78005	73930	73930	73930	73930
GC8-7582-T1-ITS	7582	GC	GC8	T1	280002	258914	258236	254017	252240	221462	221462	221460	221460
GC9-7100-T1-ITS	7100	GC	GC9	T1	320250	296633	296190	290514	288482	254643	254643	254639	254639
GC9-7275-T1-ITS	7275	GC	GC9	T1	357443	301206	300726	298179	297735	286528	286528	286507	286507
GC9-7537-T1-ITS	7537	GC	GC9	T1	262201	147551	147285	146687	146123	107582	107582	107580	107580
GC9-7589-T1-ITS	7589	GC	GC9	T1	172864	161293	161010	159971	159361	139535	139535	139535	139535
GE1-7087-T1-ITS	7087	GE	GE1	T1	206326	130511	130414	129300	126568	114639	114639	114592	114592
GE1-7112-T1-ITS	7112	GE	GE1	T1	4607806	4250096	4245506	4212745	4150217	3810791	3810772	3810598	NA
GE1-7638-T1-ITS	7638	GE	GE1	T1	211367	140148	139860	139128	136749	120699	120699	120699	120699
GE1-7647-T1-ITS	7647	GE	GE1	T1	247006	232506	231935	225792	223955	211292	211292	211287	211287
GE2-7383-T1-ITS	7383	GE	GE2	T1	284440	189203	188992	187948	187049	172269	172269	172265	172265
GE2-7483-T1-ITS	7483	GE	GE2	T1	233879	215360	214877	214296	213280	181899	181899	181896	181896
GE2-7530-T1-ITS	7530	GE	GE2	T1	285718	193826	193539	191727	190644	166327	166327	166327	166327
GE2-7555-T1-ITS	7555	GE	GE2	T1	638352	589633	589171	578812	574023	516488	516488	516476	516476
GE6-7040-T1-ITS	7040	GE	GE6	T1	448630	414849	414358	407453	403816	349429	349429	349427	349427
GE6-7186-T1-ITS	7186	GE	GE6	T1	179759	134658	134522	134116	133869	128342	128342	128342	128342
GE6-7205-T1-ITS	7205	GE	GE6	T1	477121	440861	440374	432047	428340	377138	377138	377087	377087
GE6-7213-T1-ITS	7213	GE	GE6	T1	174072	164078	163676	163286	162452	154819	154800	154753	154753
GE7-7423-T1-ITS	7423	GE	GE7	T1	380677	353487	352837	344312	340787	280054	280054	279992	279992
GE7-7427-T1-ITS	7427	GE	GE7	T1	170972	159302	158982	156384	154894	112589	112589	112589	112589
GE7-7575-T1-ITS	7575	GE	GE7	T1	215261	118752	118541	118259	118197	95960	95960	95953	95953
GE7-7658-T1-ITS	7658	GE	GE7	T1	338721	173307	173120	172280	171596	157588	157588	157588	157588
GE9-7002-T1-ITS	7002	GE	GE9	T1	86442	79719	79427	77865	77541	69710	69710	69706	69706
GE9-7053-T1-ITS	7053	GE	GE9	T1	266715	178380	178273	177999	177423	160999	160999	160977	160977
GE9-7272-T1-ITS	7272	GE	GE9	T1	177066	164510	164072	161730	160649	127261	127261	127261	127261
GE9-7480-T1-ITS	7480	GE	GE9	T1	177726	122958	121187	120946	120505	103485	103485	103481	103481
GT1-7236-T1-ITS	7236	GT	GT1	T1	125747	117553	117227	115383	114498	110327	110327	110327	110327
GT1-7384-T1-ITS	7384	GT	GT1	T1	226908	156445	156269	153527	152441	135205	135205	135147	135147
GT1-7407-T1-ITS	7407	GT	GT1	T1	313618	265402	265114	263299	261449	227543	227543	227507	227507
GT1-7482-T1-ITS	7482	GT	GT1	T1	250469	234500	233924	229722	226892	211175	211175	211175	211175
GT2-7200-T1-ITS	7200	GT	GT2	T1	154744	144287	143890	140364	139420	116805	116805	116805	116805
GT2-7210-T1-ITS	7210	GT	GT2	T1	318050	216043	215824	214988	213234	188489	188464	188457	188457
GT2-7297-T1-ITS	7297	GT	GT2	T1	359446	329784	329306	320723	318890	289158	289158	289158	289158
GT2-7573-T1-ITS	7573	GT	GT2	T1	414016	306269	305975	302983	301534	268102	268102	268100	268100
GT5-7107-T1-ITS	7107	GT	GT5	T1	155169	144647	144214	135820	134748	123665	123659	123648	123648
GT5-7253-T1-ITS	7253	GT	GT5	T1	0	NA	NA	NA	NA	NA	NA	NA	NA
GT5-7309-T1-ITS	7309	GT	GT5	T1	358091	321812	321286	320414	319115	282977	282977	282962	282962
GT5-7456-T1-ITS	7456	GT	GT5	T1	340809	312825	312309	306281	303436	256374	256374	256280	256280
GT6-7349-T1-ITS	7349	GT	GT6	T1	252676	237325	236824	234833	230614	201979	201967	201964	201964
GT6-7486-T1-ITS	7486	GT	GT6	T1	117431	108589	108368	106396	105788	94522	94522	94522	94522
GT6-7595-T1-ITS	7595	GT	GT6	T1	158362	84495	84349	83932	83737	74403	74403	74393	74393
GT6-7618-T1-ITS	7618	GT	GT6	T1	397169	369352	368925	360691	358874	328879	328879	328879	328879
GT8-7009-T1-ITS	7009	GT	GT8	T1	225727	210283	209882	206509	204907	157236	157236	157236	157236
GT8-7254-T1-ITS	7254	GT	GT8	T1	208113	105249	105135	104709	104339	90364	90364	90364	90364
GT8-7341-T1-ITS	7341	GT	GT8	T1	211027	154016	153760	152475	151896	136896	136896	136883	136883
GT8-7420-T1-ITS	7420	GT	GT8	T1	156956	146289	146034	145537	144502	127973	127973	127782	127782
RM1-7145-T1-ITS	7145	RM	RM1	T1	288033	202511	202086	199479	196873	181049	181049	181049	181049
RM1-7391-T1-ITS	7391	RM	RM1	T1	146352	136319	135988	133772	132430	108566	108566	108562	108562
RM1-7523-T1-ITS	7523	RM	RM1	T1	409097	378162	377535	370515	366927	358824	358824	358820	358820
RM1-7665-T1-ITS	7665	RM	RM1	T1	533792	364240	363788	361454	359770	335070	335070	335070	335070
RM10-7202-T1-ITS	7202	RM	RM10	T1	179630	167273	166749	163513	161019	140438	140438	140433	140433
RM10-7324-T1-ITS	7324	RM	RM10	T1	444147	412052	411245	400696	395794	343384	343384	343384	343384
RM10-7352-T1-ITS	7352	RM	RM10	T1	432277	390644	390221	383844	381387	326096	326096	326084	326084
RM10-7402-T1-ITS	7402	RM	RM10	T1	164992	156091	155800	155365	154782	146520	146520	146514	146514
RM3-7115-T1-ITS	7115	RM	RM3	T1	283869	172159	171978	171449	169839	154259	154259	154259	154259
RM3-7538-T1-ITS	7538	RM	RM3	T1	332569	208390	208173	207170	205557	182230	182230	182230	182230
RM3-7609-T1-ITS	7609	RM	RM3	T1	230774	213237	213067	209186	208387	177418	177418	177415	177415
RM3-7623-T1-ITS	7623	RM	RM3	T1	262407	242580	241925	237311	234229	206995	206995	206990	206990
RM4-7358-T1-ITS	7358	RM	RM4	T1	114058	106103	105738	103747	102977	81127	81127	81124	81124
RM4-7411-T1-ITS	7411	RM	RM4	T1	314583	255279	254966	252050	249373	228235	227953	227948	227948
RM4-7436-T1-ITS	7436	RM	RM4	T1	286373	190591	190471	189817	188717	167849	167849	167849	167849
RM4-7620-T1-ITS	7620	RM	RM4	T1	487853	445965	445598	436423	433913	365966	365966	365917	365917
RM6-7031-T1-ITS	7031	RM	RM6	T1	125492	115668	115463	115004	114101	103032	103032	103026	103026
RM6-7065-T1-ITS	7065	RM	RM6	T1	283039	264089	263597	256768	255053	228326	228326	228168	228168
RM6-7120-T1-ITS	7120	RM	RM6	T1	192305	163269	163058	162020	160919	133410	133410	133410	133410
RM6-7203-T1-ITS	7203	RM	RM6	T1	276707	256255	255924	250404	248571	232159	232159	232150	232150
AC1-7050-T2-ITS	7050	AC	AC1	T2	328627	281272	280771	278615	276110	234528	234528	234407	234407
AC1-7230-T2-ITS	7230	AC	AC1	T2	699881	589331	588777	582232	577808	491455	491455	491259	491259
AC1-7329-T2-ITS	7329	AC	AC1	T2	555140	502633	502115	483741	479368	423618	423618	423497	423497
AC2-7049-T2-ITS	7049	AC	AC2	T2	164528	139222	139050	138430	137620	119646	119646	119631	119631
AC2-7291-T2-ITS	7291	AC	AC2	T2	481284	417182	416422	414317	411109	373786	373786	373377	373377
AC2-7464-T2-ITS	7464	AC	AC2	T2	248413	221921	221541	212490	211080	149727	149727	149721	149721
AC2-7474-T2-ITS	7474	AC	AC2	T2	331127	271649	271334	260044	254860	144000	144000	143963	143963
AC7-7032-T2-ITS	7032	AC	AC7	T2	327743	278054	277713	272578	270419	207841	207841	207833	207833
AC7-7439-T2-ITS	7439	AC	AC7	T2	326297	283062	282590	280537	278848	222983	222971	222905	222905
AC7-7592-T2-ITS	7592	AC	AC7	T2	295086	264741	264548	256914	252953	177824	177824	177788	177788
AC7-7611-T2-ITS	7611	AC	AC7	T2	398281	346525	346174	339646	337053	249604	249604	249604	249604
AC8-7174-T2-ITS	7174	AC	AC8	T2	357732	308198	307849	299338	297443	243807	243807	243800	243800
AC8-7184-T2-ITS	7184	AC	AC8	T2	383944	330197	329831	327468	325111	264632	264632	264592	264592
AC8-7453-T2-ITS	7453	AC	AC8	T2	309103	267632	267164	265696	264327	200315	200315	200286	200286
AC8-7541-T2-ITS	7541	AC	AC8	T2	252317	206569	206159	200431	198421	151389	151389	151338	151338
AC9-7099-T2-ITS	7099	AC	AC9	T2	394212	345654	345218	342978	340159	311914	311914	311810	311810
AC9-7142-T2-ITS	7142	AC	AC9	T2	266336	242721	242262	236634	234534	210847	210847	210273	210273
AC9-7346-T2-ITS	7346	AC	AC9	T2	210722	190509	189956	183796	181682	171103	171103	170902	170902
AC9-7660-T2-ITS	7660	AC	AC9	T2	234947	192960	192550	191414	190222	159746	159746	159729	159729
BB1-7232-T2-ITS	7232	BB	BB1	T2	311628	272574	272156	266725	264666	210997	210997	210970	210970
BB1-7238-T2-ITS	7238	BB	BB1	T2	394148	348288	348004	342594	340670	294865	294865	294830	294830
BB1-7409-T2-ITS	7409	BB	BB1	T2	332635	280271	279821	275288	272444	236036	236036	235977	235977
BB1-7504-T2-ITS	7504	BB	BB1	T2	727546	630004	629381	624544	616731	528234	528234	528225	528225
BB2-7039-T2-ITS	7039	BB	BB2	T2	260439	226258	226021	224445	222097	169784	169784	169778	169778
BB2-7055-T2-ITS	7055	BB	BB2	T2	345075	296390	295870	290597	288070	206340	206340	206340	206340
BB2-7542-T2-ITS	7542	BB	BB2	T2	409186	354048	353712	351577	346426	252428	252428	252420	252420
BB2-7590-T2-ITS	7590	BB	BB2	T2	348251	306542	306282	292372	289086	189715	189715	189677	189677
BB3-7126-T2-ITS	7126	BB	BB3	T2	423608	375116	374519	360060	355994	315146	315146	314963	314963
BB3-7657-T2-ITS	7657	BB	BB3	T2	717947	612343	611758	607355	602549	530295	530295	530212	530212
BB5-7171-T2-ITS	7171	BB	BB5	T2	395131	352702	352282	344654	342663	278010	278010	277948	277948
BB5-7326-T2-ITS	7326	BB	BB5	T2	299312	249752	249252	246163	244309	215778	215778	215759	215759
BB5-7412-T2-ITS	7412	BB	BB5	T2	399941	357319	356772	349450	346933	297829	297829	297761	297761
BB5-7600-T2-ITS	7600	BB	BB5	T2	278270	241825	241498	238449	236302	196643	196643	196639	196639
BB7-7181-T2-ITS	7181	BB	BB7	T2	419745	363554	362902	360424	357951	332979	332979	332328	332328
BB7-7224-T2-ITS	7224	BB	BB7	T2	242971	199812	199595	198400	196065	135938	135938	135889	135889
BB7-7227-T2-ITS	7227	BB	BB7	T2	538204	465370	464794	462818	459195	332598	332598	332582	332582
BB7-7268-T2-ITS	7268	BB	BB7	T2	340567	305905	305469	299193	297468	239063	239063	239063	239063
BE2-7069-T2-ITS	7069	BE	BE2	T2	282495	213593	213304	209124	207755	170972	170972	170940	170940
BE2-7141-T2-ITS	7141	BE	BE2	T2	298873	261602	261260	259544	257514	230360	230360	230352	230352
BE2-7500-T2-ITS	7500	BE	BE2	T2	284818	245797	245328	244103	241952	208425	208425	208425	208425
BE2-7510-T2-ITS	7510	BE	BE2	T2	222753	195362	195118	189293	187480	122576	122576	122524	122524
BE3-7156-T2-ITS	7156	BE	BE3	T2	354272	319278	318781	307077	302653	250461	250461	250237	250237
BE3-7237-T2-ITS	7237	BE	BE3	T2	471906	425175	425023	407305	402623	249825	249825	249825	249825
BE3-7245-T2-ITS	7245	BE	BE3	T2	194844	170895	170550	169595	168446	134466	134466	134428	134428
BE3-7514-T2-ITS	7514	BE	BE3	T2	294038	254778	254299	252962	250975	213934	213934	213934	213934
BE4-7003-T2-ITS	7003	BE	BE4	T2	606319	528910	528311	521723	517333	428005	428005	427894	427894
BE4-7267-T2-ITS	7267	BE	BE4	T2	363674	328258	327989	322104	318391	276398	276398	276398	276398
BE4-7607-T2-ITS	7607	BE	BE4	T2	486298	425894	425479	416747	412856	342725	342725	342670	342670
BE4-7663-T2-ITS	7663	BE	BE4	T2	299496	260583	260109	248495	245478	141353	141353	141353	141353
BE5-7132-T2-ITS	7132	BE	BE5	T2	170945	149719	149472	148810	147773	122068	122068	122062	122062
BE5-7146-T2-ITS	7146	BE	BE5	T2	292191	252348	252088	250676	248317	225548	225548	225540	225540
BE5-7334-T2-ITS	7334	BE	BE5	T2	372748	334272	333673	325122	319850	283653	283653	283573	283573
BE5-7509-T2-ITS	7509	BE	BE5	T2	274087	244298	243709	239327	236837	198971	198971	198940	198940
BE7-7019-T2-ITS	7019	BE	BE7	T2	175154	152831	152677	152123	150877	112945	112945	112922	112922
BE7-7378-T2-ITS	7378	BE	BE7	T2	349565	303326	302850	295482	293444	257082	257082	256978	256978
BE7-7455-T2-ITS	7455	BE	BE7	T2	241253	209984	209687	208656	207614	174523	174523	174500	174500
BE7-7585-T2-ITS	7585	BE	BE7	T2	260297	228386	228142	225120	223838	192266	192266	192266	192266
BW10-7357-T2-ITS	7357	BW	BW10	T2	411202	358154	357569	355144	351635	272317	272317	272273	272273
BW10-7396-T2-ITS	7396	BW	BW10	T2	413224	360576	359754	349671	346197	275008	275008	274889	274889
BW10-7534-T2-ITS	7534	BW	BW10	T2	514661	443703	442785	439469	435326	312711	312711	312682	312682
BW10-7633-T2-ITS	7633	BW	BW10	T2	371502	317008	316548	315107	311923	222358	222358	222280	222280
BW2-7025-T2-ITS	7025	BW	BW2	T2	321573	285575	285219	276719	275693	203230	203230	203230	203230
BW2-7261-T2-ITS	7261	BW	BW2	T2	255920	217213	217007	214166	212119	169670	169670	169582	169582
BW2-7362-T2-ITS	7362	BW	BW2	T2	352775	298520	297966	292072	289621	235250	235250	235126	235126
BW2-7628-T2-ITS	7628	BW	BW2	T2	390997	337276	336687	333492	331740	272186	272186	272168	272168
BW3-7101-T2-ITS	7101	BW	BW3	T2	377742	327210	326688	321431	319529	275442	275442	275442	275442
BW3-7429-T2-ITS	7429	BW	BW3	T2	343310	289053	288443	285543	282664	216368	214476	214429	214429
BW3-7594-T2-ITS	7594	BW	BW3	T2	192871	166415	165977	165165	164215	148569	148569	148547	148547
BW6-7035-T2-ITS	7035	BW	BW6	T2	177269	151661	151085	148574	146629	127915	127915	127655	127655
BW6-7173-T2-ITS	7173	BW	BW6	T2	426058	382750	382533	374840	371897	314504	314504	314358	314358
BW6-7284-T2-ITS	7284	BW	BW6	T2	473311	415656	415235	405846	403059	348681	348681	348210	348210
BW6-7567-T2-ITS	7567	BW	BW6	T2	209431	182075	181820	180908	177844	127500	127500	127500	127500
BW7-7366-T2-ITS	7366	BW	BW7	T2	395527	356871	356613	348437	346885	274171	274171	274169	274169
BW7-7506-T2-ITS	7506	BW	BW7	T2	272948	241124	241019	233234	230973	174043	174043	174043	174043
BW7-7581-T2-ITS	7581	BW	BW7	T2	264764	222822	222522	221131	219211	195507	195507	195502	195502
BW7-7593-T2-ITS	7593	BW	BW7	T2	402327	348192	347607	343322	340768	297110	297110	297005	297005
CG2-7072-T2-ITS	7072	CG	CG2	T2	359611	299889	299537	297101	295174	179321	179321	179290	179290
CG2-7148-T2-ITS	7148	CG	CG2	T2	433189	369434	368648	362368	360021	250612	250612	250457	250457
CG2-7160-T2-ITS	7160	CG	CG2	T2	602493	534780	533877	526166	523573	430886	430886	430769	430769
CG2-7208-T2-ITS	7208	CG	CG2	T2	470009	405552	404895	399005	396093	296800	296800	296729	296729
CG3-7376-T2-ITS	7376	CG	CG3	T2	277740	239545	239106	237568	234824	187451	187451	187332	187332
CG3-7382-T2-ITS	7382	CG	CG3	T2	263991	230295	230013	225107	223175	185290	185290	185285	185285
CG3-7515-T2-ITS	7515	CG	CG3	T2	260783	224601	224214	223236	221803	166907	166907	166894	166894
CG3-7651-T2-ITS	7651	CG	CG3	T2	277678	180118	179894	174380	174031	145749	145749	145749	145749
CG4-7097-T2-ITS	7097	CG	CG4	T2	232989	203476	203222	202107	199887	181012	181012	181012	181012
CG4-7218-T2-ITS	7218	CG	CG4	T2	233083	199714	199152	197891	196930	156967	156967	156967	156967
CG4-7406-T2-ITS	7406	CG	CG4	T2	262133	225042	224644	223485	221906	165048	165048	164955	164955
CG4-7425-T2-ITS	7425	CG	CG4	T2	231588	199666	199165	198248	196913	153404	153404	153395	153395
CG6-7014-T2-ITS	7014	CG	CG6	T2	264525	239665	239255	235622	234417	179150	179150	179150	179150
CG6-7344-T2-ITS	7344	CG	CG6	T2	840255	731417	730329	724963	720763	554036	554036	553849	553849
CG6-7551-T2-ITS	7551	CG	CG6	T2	326063	285813	285461	284309	282777	217963	217945	217932	217932
CG7-7197-T2-ITS	7197	CG	CG7	T2	219859	189151	188668	187423	185219	122676	122676	122676	122676
CG7-7434-T2-ITS	7434	CG	CG7	T2	242483	207090	206578	205296	203834	167109	167109	167077	167077
CG7-7574-T2-ITS	7574	CG	CG7	T2	358081	303173	302789	296428	294208	206014	206014	205941	205941
CG7-7655-T2-ITS	7655	CG	CG7	T2	296506	262037	261677	257425	256432	192510	192510	192496	192496
CG8-7084-T2-ITS	7084	CG	CG8	T2	430659	376587	376046	374610	372191	300317	300317	300197	300197
CG8-7522-T2-ITS	7522	CG	CG8	T2	384078	339620	339204	332786	331120	213209	213209	213203	213203
CG8-7544-T2-ITS	7544	CG	CG8	T2	277585	212351	211953	206861	205755	139410	139410	139342	139342
CR10-7348-T2-ITS	7348	CR	CR10	T2	378858	324551	323907	319968	317550	262535	262535	262422	262422
CR10-7431-T2-ITS	7431	CR	CR10	T2	181567	161806	161497	157645	156263	137434	137434	137348	137348
CR10-7497-T2-ITS	7497	CR	CR10	T2	378073	317239	316757	315033	312245	269200	269200	269146	269146
CR10-7549-T2-ITS	7549	CR	CR10	T2	241589	210857	210665	209201	206803	145827	145827	145823	145823
CR3-7338-T2-ITS	7338	CR	CR3	T2	493292	431762	431143	428031	421428	378895	378895	378872	378872
CR3-7445-T2-ITS	7445	CR	CR3	T2	347939	310024	309363	300483	298843	250745	250745	250741	250741
CR3-7619-T2-ITS	7619	CR	CR3	T2	297802	270461	270054	263774	261316	216488	216488	216466	216466
CR3-7642-T2-ITS	7642	CR	CR3	T2	266642	232469	232167	230457	229026	180706	180706	180706	180706
CR4-7135-T2-ITS	7135	CR	CR4	T2	354695	310852	310431	308446	306528	228790	228790	228633	228633
CR4-7143-T2-ITS	7143	CR	CR4	T2	375565	336812	336320	331635	329401	268607	268607	268604	268604
CR4-7211-T2-ITS	7211	CR	CR4	T2	295583	250372	249741	247372	246189	143120	143120	143095	143095
CR4-7671-T2-ITS	7671	CR	CR4	T2	383003	331649	330737	320866	318293	238172	238172	238068	238068
CR7-7154-T2-ITS	7154	CR	CR7	T2	357821	319165	318330	312358	308476	256768	256768	256743	256743
CR7-7183-T2-ITS	7183	CR	CR7	T2	335560	279677	279392	278090	277150	180436	180436	180390	180390
CR7-7648-T2-ITS	7648	CR	CR7	T2	578761	508477	507936	503307	499149	391872	391368	391368	391368
CR7-7652-T2-ITS	7652	CR	CR7	T2	355034	311045	310535	303945	301981	214816	214816	214814	214814
CR9-7298-T2-ITS	7298	CR	CR9	T2	365474	331877	331559	326716	323275	277563	277563	277475	277475
CR9-7320-T2-ITS	7320	CR	CR9	T2	287540	237431	237073	232686	231237	146207	146207	146167	146167
CR9-7389-T2-ITS	7389	CR	CR9	T2	272661	229078	228552	227269	225548	183027	183027	183016	183016
CR9-7469-T2-ITS	7469	CR	CR9	T2	245713	201880	201481	200741	198981	139897	139897	139857	139857
GC1-7085-T2-ITS	7085	GC	GC1	T2	402014	348355	347872	346478	344199	320406	320406	320311	320311
GC1-7128-T2-ITS	7128	GC	GC1	T2	466271	409465	408816	401128	397713	350624	350624	350564	350564
GC1-7294-T2-ITS	7294	GC	GC1	T2	247916	210467	210137	208734	207895	172386	172386	172374	172374
GC1-7368-T2-ITS	7368	GC	GC1	T2	292622	253952	253680	247193	245464	199710	199710	199710	199710
GC2-7078-T2-ITS	7078	GC	GC2	T2	275572	236372	236148	231189	229910	189889	189889	189889	189889
GC2-7136-T2-ITS	7136	GC	GC2	T2	314133	272932	272477	271199	269179	238160	238160	238121	238121
GC2-7276-T2-ITS	7276	GC	GC2	T2	366840	297570	297114	295653	293548	247328	247328	247288	247288
GC2-7507-T2-ITS	7507	GC	GC2	T2	229712	200502	200239	197086	195399	144504	144504	144473	144473
GC5-7089-T2-ITS	7089	GC	GC5	T2	310547	272566	272181	269346	268054	219943	219943	219925	219925
GC5-7178-T2-ITS	7178	GC	GC5	T2	579807	507303	506544	502813	497240	433734	433734	433669	433669
GC5-7457-T2-ITS	7457	GC	GC5	T2	311527	278065	277355	269745	268113	232036	232036	232036	232036
GC8-7367-T2-ITS	7367	GC	GC8	T2	385770	350306	349841	340161	337462	282483	282483	282457	282457
GC8-7377-T2-ITS	7377	GC	GC8	T2	190968	172242	172039	168653	166714	115326	115326	115326	115326
GC8-7501-T2-ITS	7501	GC	GC8	T2	241722	206780	206299	205282	202379	177444	177444	177444	177444
GC8-7582-T2-ITS	7582	GC	GC8	T2	284402	238903	238522	236741	234675	180480	180480	180437	180437
GC9-7100-T2-ITS	7100	GC	GC9	T2	267068	232205	231792	230699	229051	175446	175446	175399	175399
GC9-7275-T2-ITS	7275	GC	GC9	T2	296906	250019	249413	247589	245957	197117	197117	196856	196856
GC9-7537-T2-ITS	7537	GC	GC9	T2	489154	433946	433320	422054	418866	368525	368525	368503	368503
GC9-7589-T2-ITS	7589	GC	GC9	T2	390065	346623	346248	339903	335190	294437	294437	294432	294432
GE1-7087-T2-ITS	7087	GE	GE1	T2	369724	323872	323519	322395	320216	252105	251710	251701	251701
GE1-7112-T2-ITS	7112	GE	GE1	T2	333055	280805	280547	273979	271641	214171	214171	214041	214041
GE1-7638-T2-ITS	7638	GE	GE1	T2	375306	334859	334508	322837	318497	237579	237579	237565	237565
GE1-7647-T2-ITS	7647	GE	GE1	T2	325351	277286	276633	275115	273003	242499	242499	242428	242428
GE2-7383-T2-ITS	7383	GE	GE2	T2	130945	110096	109906	107517	106252	86561	86561	86520	86520
GE2-7483-T2-ITS	7483	GE	GE2	T2	293605	249869	249458	248544	247332	192714	192714	192685	192685
GE2-7530-T2-ITS	7530	GE	GE2	T2	254858	215822	215390	214303	212658	175337	175337	175309	175309
GE2-7555-T2-ITS	7555	GE	GE2	T2	300422	246106	245803	240312	237734	193423	193423	193398	193398
GE6-7040-T2-ITS	7040	GE	GE6	T2	177061	151880	151509	150772	149378	115106	115106	115106	115106
GE6-7186-T2-ITS	7186	GE	GE6	T2	244754	209653	209162	207080	205262	171850	171850	171842	171842
GE6-7205-T2-ITS	7205	GE	GE6	T2	177649	158133	157711	152789	151335	128190	128190	128185	128185
GE6-7213-T2-ITS	7213	GE	GE6	T2	325622	280280	279720	275469	273492	232507	232507	232252	232252
GE7-7423-T2-ITS	7423	GE	GE7	T2	242837	211302	210888	209972	208778	181151	181151	181138	181138
GE7-7427-T2-ITS	7427	GE	GE7	T2	296964	264861	264508	258943	255447	194604	194604	194604	194604
GE7-7575-T2-ITS	7575	GE	GE7	T2	460475	414753	414399	404769	400887	310089	310089	310089	310089
GE7-7658-T2-ITS	7658	GE	GE7	T2	122468	104208	103954	103466	102994	79188	79188	79179	79179
GE8-7242-T2-ITS	7242	GE	GE8	T2	202861	174406	174136	173170	172332	159670	159670	159657	159657
GE8-7333-T2-ITS	7333	GE	GE8	T2	322922	281298	280933	278164	276472	245775	245775	245746	245746
GE8-7645-T2-ITS	7645	GE	GE8	T2	206053	180439	180135	174773	173053	117376	117376	117341	117341
GE9-7002-T2-ITS	7002	GE	GE9	T2	744109	641511	640792	637886	633263	471662	471662	471216	471216
GE9-7053-T2-ITS	7053	GE	GE9	T2	335069	290716	290224	287838	285832	197755	197755	197755	197755
GE9-7272-T2-ITS	7272	GE	GE9	T2	521407	433375	433027	418168	415232	297343	297343	297343	297343
GE9-7480-T2-ITS	7480	GE	GE9	T2	313943	276695	276296	272152	269760	229100	229100	229027	229027
GT1-7236-T2-ITS	7236	GT	GT1	T2	325265	289442	289215	279525	275190	197128	197128	197123	197123
GT1-7384-T2-ITS	7384	GT	GT1	T2	357434	306380	305973	298644	292687	244601	244601	244513	244513
GT1-7407-T2-ITS	7407	GT	GT1	T2	381545	330388	329774	327568	324440	292694	292690	292673	292673
GT1-7482-T2-ITS	7482	GT	GT1	T2	487756	425324	424807	421251	418161	369506	369506	369492	369492
GT2-7200-T2-ITS	7200	GT	GT2	T2	252828	218065	217665	216579	215372	155559	155559	155519	155519
GT2-7210-T2-ITS	7210	GT	GT2	T2	342111	295950	295614	293733	290659	246476	246476	246458	246458
GT2-7297-T2-ITS	7297	GT	GT2	T2	442412	397639	397036	389735	387046	303611	303611	303603	303603
GT2-7573-T2-ITS	7573	GT	GT2	T2	420361	335938	335513	328662	325866	239036	239036	238967	238967
GT5-7107-T2-ITS	7107	GT	GT5	T2	251587	223391	223137	219016	216930	180016	180016	180016	180016
GT5-7253-T2-ITS	7253	GT	GT5	T2	416233	369751	369280	357411	353100	272732	272732	272722	272722
GT5-7309-T2-ITS	7309	GT	GT5	T2	323090	262643	262076	260817	257905	215183	215183	215098	215098
GT5-7456-T2-ITS	7456	GT	GT5	T2	240448	208389	207885	203564	202475	157266	157266	156898	156898
GT6-7349-T2-ITS	7349	GT	GT6	T2	352238	313458	312945	302424	296603	271873	271873	271846	271846
GT6-7486-T2-ITS	7486	GT	GT6	T2	182548	159981	159770	158984	157732	130073	130073	130048	130048
GT6-7595-T2-ITS	7595	GT	GT6	T2	215895	185079	184712	183411	182476	140574	140574	140538	140538
GT6-7618-T2-ITS	7618	GT	GT6	T2	353138	317055	316479	307161	302489	240175	240175	240121	240121
GT8-7009-T2-ITS	7009	GT	GT8	T2	386099	347618	347106	342237	337967	295575	295575	295564	295564
GT8-7254-T2-ITS	7254	GT	GT8	T2	300597	274276	274031	269420	267987	225647	225647	225647	225647
GT8-7341-T2-ITS	7341	GT	GT8	T2	211883	179260	179003	177874	176080	140913	140904	140895	140895
GT8-7420-T2-ITS	7420	GT	GT8	T2	311616	264037	263608	261064	258295	195864	195864	195829	195829
RM1-7145-T2-ITS	7145	RM	RM1	T2	313901	265059	264681	259389	257997	206555	206555	206534	206534
RM1-7391-T2-ITS	7391	RM	RM1	T2	311711	267415	267102	263814	262226	215569	215569	215569	215569
RM1-7523-T2-ITS	7523	RM	RM1	T2	242283	217904	217697	213376	212313	158593	158593	158593	158593
RM1-7665-T2-ITS	7665	RM	RM1	T2	594008	527652	527052	513075	509444	441043	441037	440915	440915
RM10-7202-T2-ITS	7202	RM	RM10	T2	316848	275737	275371	274196	272411	217695	217695	217616	217616
RM10-7324-T2-ITS	7324	RM	RM10	T2	311553	272206	271709	269868	267683	217091	217091	217072	217072
RM10-7352-T2-ITS	7352	RM	RM10	T2	448751	390104	389645	381714	379016	326596	326596	326584	326584
RM10-7402-T2-ITS	7402	RM	RM10	T2	307018	259152	258815	253348	252475	157799	157799	157741	157741
RM3-7115-T2-ITS	7115	RM	RM3	T2	240766	206645	206263	205478	203985	184602	184602	184512	184512
RM3-7538-T2-ITS	7538	RM	RM3	T2	367060	319183	318858	312437	310188	269652	269652	269599	269599
RM3-7609-T2-ITS	7609	RM	RM3	T2	479394	412213	411717	408235	404175	344575	344575	344562	344562
RM3-7623-T2-ITS	7623	RM	RM3	T2	368623	310384	310010	303671	301868	263086	263086	263066	263066
RM4-7358-T2-ITS	7358	RM	RM4	T2	195933	168414	168147	166792	165502	136619	136619	136588	136588
RM4-7411-T2-ITS	7411	RM	RM4	T2	373022	331798	331496	322510	319569	278257	278257	278248	278248
RM4-7436-T2-ITS	7436	RM	RM4	T2	466955	391150	390527	388550	386208	289765	289765	288949	288949
RM4-7620-T2-ITS	7620	RM	RM4	T2	312878	264448	264189	257385	255649	226078	226078	226063	226063
RM6-7031-T2-ITS	7031	RM	RM6	T2	237631	211906	211743	207004	205646	178836	178836	178822	178822
RM6-7065-T2-ITS	7065	RM	RM6	T2	641687	558623	557804	549973	544953	453959	453959	453914	453914
RM6-7120-T2-ITS	7120	RM	RM6	T2	185671	155667	155288	153653	152605	134389	134389	131316	131316
RM6-7203-T2-ITS	7203	RM	RM6	T2	537522	483687	483059	467477	462241	430406	430406	430135	430135
AC1-7050-T3-ITS	7050	AC	AC1	T3	360562	314786	314242	312382	308472	284416	284416	284155	284155
AC1-7230-T3-ITS	7230	AC	AC1	T3	404292	326812	326177	324135	319856	269375	269375	269165	269165
AC1-7329-T3-ITS	7329	AC	AC1	T3	271500	231268	230684	229803	229021	178377	178377	177820	177820
AC2-7049-T3-ITS	7049	AC	AC2	T3	405701	355602	355102	353415	349739	322845	322845	322745	322745
AC2-7291-T3-ITS	7291	AC	AC2	T3	0	NA	NA	NA	NA	NA	NA	NA	NA
AC2-7464-T3-ITS	7464	AC	AC2	T3	377122	323670	323177	317054	312925	205135	205135	205118	205118
AC2-7474-T3-ITS	7474	AC	AC2	T3	0	NA	NA	NA	NA	NA	NA	NA	NA
AC7-7032-T3-ITS	7032	AC	AC7	T3	417771	354026	353529	351704	349684	261340	261340	260969	260969
AC7-7439-T3-ITS	7439	AC	AC7	T3	418913	354344	353742	351937	350045	297816	297816	297655	297655
AC7-7592-T3-ITS	7592	AC	AC7	T3	535774	464756	464329	451103	444069	299294	299282	299218	299218
AC7-7611-T3-ITS	7611	AC	AC7	T3	199716	175675	175343	169312	165929	75335	75335	75335	75335
AC8-7174-T3-ITS	7174	AC	AC8	T3	433868	368758	367975	365901	363204	320915	320915	320238	320238
AC8-7184-T3-ITS	7184	AC	AC8	T3	579717	494568	493936	488070	479916	394602	394602	394540	394540
AC8-7453-T3-ITS	7453	AC	AC8	T3	322801	283562	283163	281229	279043	191275	191275	191268	191268
AC8-7541-T3-ITS	7541	AC	AC8	T3	459815	387441	386833	383609	379221	255653	255653	254757	254757
AC9-7099-T3-ITS	7099	AC	AC9	T3	257663	225027	224538	223162	221772	185891	185891	185875	185875
AC9-7142-T3-ITS	7142	AC	AC9	T3	347304	307633	306875	305662	302347	284929	284929	283847	283847
AC9-7346-T3-ITS	7346	AC	AC9	T3	282023	234702	234061	231745	230192	201269	201269	200633	200633
AC9-7660-T3-ITS	7660	AC	AC9	T3	282075	246540	246123	244826	243596	207035	207035	207023	207023
BB1-7232-T3-ITS	7232	BB	BB1	T3	344381	300769	300358	297764	295028	213086	213086	213051	213051
BB1-7238-T3-ITS	7238	BB	BB1	T3	520692	458444	457704	434735	428239	343228	343228	342188	342188
BB1-7409-T3-ITS	7409	BB	BB1	T3	338859	285726	285277	281930	279974	239153	239153	238024	238024
BB1-7504-T3-ITS	7504	BB	BB1	T3	376436	320119	319367	318049	314121	237692	237692	237657	237657
BB2-7039-T3-ITS	7039	BB	BB2	T3	282594	234292	233788	232689	230733	200961	200961	200206	200206
BB2-7055-T3-ITS	7055	BB	BB2	T3	387241	331818	331166	316776	311077	160780	160780	160634	160634
BB2-7542-T3-ITS	7542	BB	BB2	T3	433659	369340	368683	354150	341318	172180	172180	172144	172144
BB2-7590-T3-ITS	7590	BB	BB2	T3	466235	400620	400056	397011	391773	244607	244607	244576	244576
BB3-7126-T3-ITS	7126	BB	BB3	T3	258563	225204	224723	223914	222092	192978	192978	192890	192890
BB3-7657-T3-ITS	7657	BB	BB3	T3	316482	278513	278146	276760	273668	221800	221800	221669	221669
BB5-7171-T3-ITS	7171	BB	BB5	T3	413233	360754	360336	348534	341895	218416	218416	218363	218363
BB5-7326-T3-ITS	7326	BB	BB5	T3	493970	431575	430855	428126	423102	387524	387524	386897	386897
BB5-7412-T3-ITS	7412	BB	BB5	T3	290098	235824	235243	234198	232799	208550	208550	208377	208377
BB5-7600-T3-ITS	7600	BB	BB5	T3	386906	337557	336999	330852	324322	186569	186569	186542	186542
BB7-7181-T3-ITS	7181	BB	BB7	T3	643988	535899	535257	533234	530520	454496	454496	453726	453726
BB7-7224-T3-ITS	7224	BB	BB7	T3	375640	292771	292369	290511	288199	234237	234237	233190	233190
BB7-7227-T3-ITS	7227	BB	BB7	T3	457025	393947	393362	391454	388067	265569	265569	265553	265553
BB7-7268-T3-ITS	7268	BB	BB7	T3	541630	474080	473321	470550	464781	320979	320979	320973	320973
BE2-7069-T3-ITS	7069	BE	BE2	T3	324678	275003	274532	268951	266236	193114	193114	193034	193034
BE2-7141-T3-ITS	7141	BE	BE2	T3	350528	308699	308368	302613	299936	234226	234226	234161	234161
BE2-7500-T3-ITS	7500	BE	BE2	T3	764634	668391	667559	662922	657205	559083	559083	559055	559055
BE2-7510-T3-ITS	7510	BE	BE2	T3	339811	294456	294056	292725	287518	165645	165645	165624	165624
BE3-7156-T3-ITS	7156	BE	BE3	T3	418691	367403	366888	364626	360050	306559	306559	306203	306203
BE3-7237-T3-ITS	7237	BE	BE3	T3	294925	257055	256720	254484	252720	177557	177557	177547	177547
BE3-7245-T3-ITS	7245	BE	BE3	T3	423382	365915	365339	363759	361346	288648	288648	288533	288533
BE3-7514-T3-ITS	7514	BE	BE3	T3	216425	183855	183409	182741	180847	162093	162093	162007	162007
BE4-7003-T3-ITS	7003	BE	BE4	T3	401054	351932	351377	349572	347339	273295	273295	272884	272884
BE4-7267-T3-ITS	7267	BE	BE4	T3	481185	413400	412489	410795	405113	315231	315231	315229	315229
BE4-7607-T3-ITS	7607	BE	BE4	T3	221847	183487	183022	182144	180078	140551	140551	140371	140371
BE4-7663-T3-ITS	7663	BE	BE4	T3	418347	355598	354964	344934	340697	217883	217883	217862	217862
BE5-7132-T3-ITS	7132	BE	BE5	T3	321065	281295	280723	279337	275268	243085	243085	242974	242974
BE5-7146-T3-ITS	7146	BE	BE5	T3	326686	284728	284126	281805	279056	248058	248058	248026	248026
BE5-7334-T3-ITS	7334	BE	BE5	T3	391317	337557	336718	333838	329811	303872	303872	303790	303790
BE5-7509-T3-ITS	7509	BE	BE5	T3	334092	275746	274990	273048	270107	221450	221450	220830	220830
BE7-7019-T3-ITS	7019	BE	BE7	T3	436765	355510	355122	353472	350676	203415	203415	203410	203410
BE7-7378-T3-ITS	7378	BE	BE7	T3	321269	266646	266166	265139	262818	227394	227394	227290	227290
BE7-7455-T3-ITS	7455	BE	BE7	T3	330687	290175	289521	287060	285433	246774	246774	246747	246747
BE7-7585-T3-ITS	7585	BE	BE7	T3	414559	364814	364039	362667	357844	318731	318731	318435	318435
BW10-7357-T3-ITS	7357	BW	BW10	T3	425438	369391	368807	366805	362019	314218	314218	313616	313616
BW10-7396-T3-ITS	7396	BW	BW10	T3	385369	325984	325398	323447	321200	245638	245638	245521	245521
BW10-7534-T3-ITS	7534	BW	BW10	T3	420611	346717	346159	344132	340916	269693	269693	269562	269562
BW10-7633-T3-ITS	7633	BW	BW10	T3	330632	272632	272023	270858	269460	215378	215378	215010	215010
BW2-7025-T3-ITS	7025	BW	BW2	T3	302387	258241	257778	255623	253410	151552	151552	151552	151552
BW2-7261-T3-ITS	7261	BW	BW2	T3	395472	345592	345268	332956	327259	194234	194234	194164	194164
BW2-7362-T3-ITS	7362	BW	BW2	T3	377460	318515	317658	316519	312129	280942	280942	280815	280815
BW2-7628-T3-ITS	7628	BW	BW2	T3	443257	386677	386134	384627	379987	338940	338940	338831	338831
BW3-7101-T3-ITS	7101	BW	BW3	T3	391945	343500	342685	337282	334279	286341	286341	286275	286275
BW3-7429-T3-ITS	7429	BW	BW3	T3	433105	367133	366462	361913	358140	292030	292030	291859	291859
BW3-7594-T3-ITS	7594	BW	BW3	T3	288745	249305	248917	247357	235029	197058	197058	196750	196750
BW6-7035-T3-ITS	7035	BW	BW6	T3	391046	332524	331786	329713	326327	229066	229066	225164	225164
BW6-7173-T3-ITS	7173	BW	BW6	T3	383312	279511	279091	276133	270563	169079	169079	169017	169017
BW6-7284-T3-ITS	7284	BW	BW6	T3	255918	216138	215432	214185	212173	194051	194051	192586	192586
BW6-7567-T3-ITS	7567	BW	BW6	T3	390939	336594	336070	324383	318956	182003	182003	181935	181935
BW7-7366-T3-ITS	7366	BW	BW7	T3	432836	378213	377576	376002	370880	328450	328450	328285	328285
BW7-7506-T3-ITS	7506	BW	BW7	T3	285146	248300	247832	243382	240191	200630	200630	200582	200582
BW7-7581-T3-ITS	7581	BW	BW7	T3	448431	391657	390832	389080	386411	342516	342516	342446	342446
BW7-7593-T3-ITS	7593	BW	BW7	T3	311816	267188	266917	265584	264539	206533	206533	206475	206475
CG2-7072-T3-ITS	7072	CG	CG2	T3	351534	296850	296200	293331	291128	186655	186655	186615	186615
CG2-7148-T3-ITS	7148	CG	CG2	T3	490042	413352	412568	408602	406116	343976	343976	343764	343764
CG2-7160-T3-ITS	7160	CG	CG2	T3	347334	300790	300145	298264	294389	235561	235561	235449	235449
CG2-7208-T3-ITS	7208	CG	CG2	T3	366559	304724	304340	302739	301169	253879	253879	253801	253801
CG3-7376-T3-ITS	7376	CG	CG3	T3	482109	426025	425135	423047	415051	376678	376678	376192	376192
CG3-7382-T3-ITS	7382	CG	CG3	T3	474762	411093	410645	408211	404441	379844	379844	379729	379729
CG3-7515-T3-ITS	7515	CG	CG3	T3	559575	486361	485667	481905	477410	361110	361110	360308	360308
CG3-7651-T3-ITS	7651	CG	CG3	T3	336457	293678	293039	291019	289544	237691	237691	237546	237546
CG4-7097-T3-ITS	7097	CG	CG4	T3	363101	313507	312994	311950	310681	274742	274734	274724	274724
CG4-7218-T3-ITS	7218	CG	CG4	T3	439633	381601	380993	378179	375664	316629	316629	316465	316465
CG4-7406-T3-ITS	7406	CG	CG4	T3	459129	404338	403682	401172	398018	348566	348566	348375	348375
CG4-7425-T3-ITS	7425	CG	CG4	T3	387762	330124	329473	327879	325727	279643	279643	279251	279251
CG6-7014-T3-ITS	7014	CG	CG6	T3	377379	323339	322658	320922	318048	247567	247567	247527	247527
CG6-7344-T3-ITS	7344	CG	CG6	T3	283564	248026	247654	246446	243572	213524	213524	213513	213513
CG6-7551-T3-ITS	7551	CG	CG6	T3	420366	370340	369690	367596	365530	296357	296357	296091	296091
CG7-7197-T3-ITS	7197	CG	CG7	T3	392182	337106	336406	334983	331565	263846	263846	263810	263810
CG7-7434-T3-ITS	7434	CG	CG7	T3	346330	295248	294474	293016	290488	278189	278189	278145	278145
CG7-7574-T3-ITS	7574	CG	CG7	T3	358340	281863	281294	279530	277012	198979	198979	198899	198899
CG7-7655-T3-ITS	7655	CG	CG7	T3	417737	362587	361857	360011	357783	276557	276557	275930	275930
CG8-7084-T3-ITS	7084	CG	CG8	T3	392605	341894	341069	338757	333303	305113	305113	304897	304897
CG8-7522-T3-ITS	7522	CG	CG8	T3	335306	288027	287249	286169	283480	238169	238169	238150	238150
CG8-7544-T3-ITS	7544	CG	CG8	T3	308023	243378	242905	237550	236425	175061	175061	175007	175007
CR10-7348-T3-ITS	7348	CR	CR10	T3	568145	498407	497308	494096	491069	406099	406099	405639	405639
CR10-7431-T3-ITS	7431	CR	CR10	T3	502816	433630	432844	431231	427160	365598	365598	365098	365098
CR10-7497-T3-ITS	7497	CR	CR10	T3	279422	227163	226574	225670	223544	210500	210500	210260	210260
CR10-7549-T3-ITS	7549	CR	CR10	T3	322349	278302	277864	276625	274494	194716	194716	194443	194443
CR3-7338-T3-ITS	7338	CR	CR3	T3	379030	340856	340584	334364	325655	325047	325047	325047	NA
CR3-7445-T3-ITS	7445	CR	CR3	T3	418751	337978	336949	326609	323688	289293	289293	288933	288933
CR3-7619-T3-ITS	7619	CR	CR3	T3	259058	227110	226533	225378	223493	184207	184207	183303	183303
CR3-7642-T3-ITS	7642	CR	CR3	T3	468205	400088	399614	397140	394362	303054	303054	302284	302284
CR4-7135-T3-ITS	7135	CR	CR4	T3	312349	270150	269588	268251	265494	229504	229504	229297	229297
CR4-7143-T3-ITS	7143	CR	CR4	T3	450225	387004	386145	384253	380629	317027	317027	316028	316028
CR4-7211-T3-ITS	7211	CR	CR4	T3	216713	179832	179216	177261	176667	121325	121325	121315	121315
CR4-7671-T3-ITS	7671	CR	CR4	T3	373483	276554	275998	274535	272818	205388	205388	204994	204994
CR7-7154-T3-ITS	7154	CR	CR7	T3	225196	195099	194675	193571	191833	164207	164207	164174	164174
CR7-7183-T3-ITS	7183	CR	CR7	T3	514882	447712	446965	444452	441301	368265	368265	368069	368069
CR7-7648-T3-ITS	7648	CR	CR7	T3	220555	194894	194473	191778	189815	110898	110747	110744	110744
CR7-7652-T3-ITS	7652	CR	CR7	T3	436947	381587	381167	378355	375975	248752	248752	248654	248654
CR9-7298-T3-ITS	7298	CR	CR9	T3	311408	274521	273770	271859	269265	244117	244117	244087	244087
CR9-7320-T3-ITS	7320	CR	CR9	T3	302668	251683	250903	249536	247833	192127	192127	191763	191763
CR9-7389-T3-ITS	7389	CR	CR9	T3	386041	320386	319304	308550	306450	236259	236259	236166	236166
CR9-7469-T3-ITS	7469	CR	CR9	T3	285829	232847	232202	230384	229332	166080	166080	166034	166034
GC1-7085-T3-ITS	7085	GC	GC1	T3	375188	327326	326644	325154	321161	288538	288538	287785	287785
GC1-7128-T3-ITS	7128	GC	GC1	T3	459089	369580	368810	366738	362212	310963	310959	310598	310598
GC1-7294-T3-ITS	7294	GC	GC1	T3	392564	311508	310867	309524	307670	262017	262017	260785	260785
GC1-7368-T3-ITS	7368	GC	GC1	T3	546653	471414	470680	468091	462108	324372	324372	323993	323993
GC2-7078-T3-ITS	7078	GC	GC2	T3	376330	322681	322062	320014	317977	272169	272169	271917	271917
GC2-7136-T3-ITS	7136	GC	GC2	T3	519665	449110	448231	444918	440672	394246	394246	393968	393968
GC2-7276-T3-ITS	7276	GC	GC2	T3	319584	266808	266447	265202	261911	225322	225322	225232	225232
GC2-7507-T3-ITS	7507	GC	GC2	T3	453308	393368	392570	389760	385916	297661	297657	297172	297172
GC5-7089-T3-ITS	7089	GC	GC5	T3	393378	323123	320896	318671	315715	253864	253864	253818	253818
GC5-7178-T3-ITS	7178	GC	GC5	T3	396761	348256	347712	345390	341165	298663	298663	298462	298462
GC5-7457-T3-ITS	7457	GC	GC5	T3	382659	310929	310180	302596	299469	207322	207318	207250	207250
GC8-7367-T3-ITS	7367	GC	GC8	T3	370326	324042	323450	321228	318229	251601	251601	251564	251564
GC8-7377-T3-ITS	7377	GC	GC8	T3	296316	245299	244814	243658	240629	186040	186040	185847	185847
GC8-7501-T3-ITS	7501	GC	GC8	T3	364961	311361	310897	309213	306645	263699	263699	263662	263662
GC8-7582-T3-ITS	7582	GC	GC8	T3	384335	317838	317240	315563	312661	247497	247497	247420	247420
GC9-7100-T3-ITS	7100	GC	GC9	T3	533314	467632	466858	463671	460313	393743	393743	393405	393405
GC9-7275-T3-ITS	7275	GC	GC9	T3	460331	336840	336049	334609	332852	277836	277836	277694	277694
GC9-7537-T3-ITS	7537	GC	GC9	T3	339497	293295	292515	291015	288827	242599	242599	242287	242287
GC9-7589-T3-ITS	7589	GC	GC9	T3	373018	326071	325569	323860	319192	295369	295369	295183	295183
GE1-7087-T3-ITS	7087	GE	GE1	T3	353449	308507	308113	306928	299718	236994	236994	236855	236855
GE1-7112-T3-ITS	7112	GE	GE1	T3	320428	248334	247836	245738	243839	207859	207859	207717	207717
GE1-7638-T3-ITS	7638	GE	GE1	T3	233944	185363	184770	183826	182062	129496	129470	129358	129358
GE1-7647-T3-ITS	7647	GE	GE1	T3	368806	324930	324336	322005	319470	294490	294490	294147	294147
GE2-7383-T3-ITS	7383	GE	GE2	T3	345151	250280	249779	244786	242653	193639	193639	193542	193542
GE2-7483-T3-ITS	7483	GE	GE2	T3	362197	315606	315109	313060	307945	254391	254391	253955	253955
GE2-7530-T3-ITS	7530	GE	GE2	T3	400584	348204	347767	345561	340726	276895	276871	276660	276660
GE2-7555-T3-ITS	7555	GE	GE2	T3	323843	284250	283814	280671	278108	245898	245898	245723	245723
GE6-7040-T3-ITS	7040	GE	GE6	T3	358543	308632	308019	289722	285652	206703	206703	206681	206681
GE6-7186-T3-ITS	7186	GE	GE6	T3	378315	330526	330002	327393	324957	248984	248984	248856	248856
GE6-7205-T3-ITS	7205	GE	GE6	T3	272064	233520	232868	231841	229386	207071	207071	206634	206634
GE6-7213-T3-ITS	7213	GE	GE6	T3	448386	380443	379613	377874	374382	345331	345331	342691	342691
GE7-7423-T3-ITS	7423	GE	GE7	T3	260629	220906	220349	217584	215795	168844	168844	168814	168814
GE7-7427-T3-ITS	7427	GE	GE7	T3	395746	351174	350629	344334	339524	207813	207813	207805	207805
GE7-7575-T3-ITS	7575	GE	GE7	T3	376835	320754	320164	315754	309547	288824	288824	287988	287988
GE7-7658-T3-ITS	7658	GE	GE7	T3	334031	292225	290976	289435	287157	221012	221012	220993	220993
GE8-7242-T3-ITS	7242	GE	GE8	T3	475079	401226	400722	399157	396456	366452	366452	366277	366277
GE8-7333-T3-ITS	7333	GE	GE8	T3	403999	354764	353924	351339	349359	316024	316024	315700	315700
GE8-7645-T3-ITS	7645	GE	GE8	T3	357881	307979	307443	299672	295319	191743	191743	191730	191730
GE9-7002-T3-ITS	7002	GE	GE9	T3	326348	280192	279596	278249	276835	213019	213016	212731	212731
GE9-7053-T3-ITS	7053	GE	GE9	T3	279669	240229	239655	238667	236803	175052	175048	174406	174406
GE9-7272-T3-ITS	7272	GE	GE9	T3	401666	356285	355569	354222	349591	280745	280745	280737	280737
GE9-7480-T3-ITS	7480	GE	GE9	T3	334018	285824	285321	284055	281085	209351	209351	208836	208836
GT1-7236-T3-ITS	7236	GT	GT1	T3	266875	229944	229373	227408	224248	114549	114549	114535	114535
GT1-7384-T3-ITS	7384	GT	GT1	T3	369867	320789	318874	317172	314829	281229	281229	281081	281081
GT1-7407-T3-ITS	7407	GT	GT1	T3	292722	249696	249090	248098	245834	230918	230918	230542	230542
GT1-7482-T3-ITS	7482	GT	GT1	T3	361000	312167	311809	299727	293144	121888	121888	121857	121857
GT2-7200-T3-ITS	7200	GT	GT2	T3	562331	483789	482760	479601	474656	397912	397912	396180	396180
GT2-7210-T3-ITS	7210	GT	GT2	T3	270299	228692	228199	227152	224862	197227	197227	197119	197119
GT2-7297-T3-ITS	7297	GT	GT2	T3	277490	234117	233520	232591	231427	170699	170699	170678	170678
GT2-7573-T3-ITS	7573	GT	GT2	T3	354084	299622	299156	288966	283997	186136	186136	185983	185983
GT5-7107-T3-ITS	7107	GT	GT5	T3	319041	268891	268201	266995	263072	219271	219271	219090	219090
GT5-7253-T3-ITS	7253	GT	GT5	T3	316566	271374	270856	268919	265896	196915	196915	196645	196645
GT5-7309-T3-ITS	7309	GT	GT5	T3	380794	297102	296570	294636	292982	196762	196762	196439	196439
GT5-7456-T3-ITS	7456	GT	GT5	T3	355069	313355	312837	306186	302502	199017	199017	198985	198985
GT6-7349-T3-ITS	7349	GT	GT6	T3	363447	301035	300508	298346	295978	263396	263396	263059	263059
GT6-7486-T3-ITS	7486	GT	GT6	T3	289161	251636	250950	249675	248209	200723	200723	199446	199446
GT6-7595-T3-ITS	7595	GT	GT6	T3	436452	346555	345774	344258	340319	299827	299827	299531	299531
GT6-7618-T3-ITS	7618	GT	GT6	T3	393265	321832	321185	319548	314833	275312	275312	275085	275085
GT8-7009-T3-ITS	7009	GT	GT8	T3	433360	380839	380225	378610	372976	332191	332191	332035	332035
GT8-7254-T3-ITS	7254	GT	GT8	T3	363094	314216	313764	311066	309216	233107	233107	233061	233061
GT8-7341-T3-ITS	7341	GT	GT8	T3	421357	354568	354103	352649	347827	320236	320236	319994	319994
GT8-7420-T3-ITS	7420	GT	GT8	T3	318396	280343	279771	270089	261393	88801	88801	88799	88799
RM1-7145-T3-ITS	7145	RM	RM1	T3	456233	400540	399906	389249	384619	348425	348425	348328	348328
RM1-7391-T3-ITS	7391	RM	RM1	T3	303370	265080	264500	260868	258835	201631	201631	201631	201631
RM1-7523-T3-ITS	7523	RM	RM1	T3	433378	358210	357849	355389	350688	238067	238067	237948	237948
RM1-7665-T3-ITS	7665	RM	RM1	T3	297549	258101	257683	255616	251810	139798	139792	139736	139736
RM10-7202-T3-ITS	7202	RM	RM10	T3	337225	283712	283002	281806	278821	241808	241808	241547	241547
RM10-7324-T3-ITS	7324	RM	RM10	T3	415398	356835	356451	351499	347725	246276	246276	246252	246252
RM10-7352-T3-ITS	7352	RM	RM10	T3	330490	273488	272909	271502	267582	185485	185485	185182	185182
RM10-7402-T3-ITS	7402	RM	RM10	T3	450296	376639	376042	374067	368648	316426	316426	316339	316339
RM3-7115-T3-ITS	7115	RM	RM3	T3	336311	296004	295463	294212	289943	247764	247764	247482	247482
RM3-7538-T3-ITS	7538	RM	RM3	T3	257244	216472	215905	213546	210393	191431	191431	191242	191242
RM3-7609-T3-ITS	7609	RM	RM3	T3	321094	268380	267727	266337	263660	215672	215672	215459	215459
RM3-7623-T3-ITS	7623	RM	RM3	T3	407730	343848	343391	341563	337546	256375	256375	255537	255537
RM4-7358-T3-ITS	7358	RM	RM4	T3	326977	285958	285510	283243	281744	213795	213795	213788	213788
RM4-7411-T3-ITS	7411	RM	RM4	T3	561001	478409	477639	474748	469605	428252	428252	427357	427357
RM4-7436-T3-ITS	7436	RM	RM4	T3	373428	324956	324224	322723	317323	281630	281630	281561	281561
RM4-7620-T3-ITS	7620	RM	RM4	T3	410964	356703	356091	343942	341540	280815	280815	280028	280028
RM6-7031-T3-ITS	7031	RM	RM6	T3	185525	161378	160916	160259	158963	137767	137767	137578	137578
RM6-7065-T3-ITS	7065	RM	RM6	T3	414679	363028	362700	349978	344064	207925	207925	207925	207925
RM6-7120-T3-ITS	7120	RM	RM6	T3	366258	304243	303595	301466	296793	242690	242690	242344	242344
RM6-7203-T3-ITS	7203	RM	RM6	T3	356416	297480	296804	294947	292282	269488	269488	268693	268693
